Date,AAPL,GOOGL,MSFT
2021-08-30,149.34881591796875,143.3196563720703,291.3636169433594
2021-08-31,148.09059143066406,143.42572021484375,289.7224426269531
2021-09-01,148.7538604736328,143.9391632080078,289.6745300292969
2021-09-02,149.8657684326172,142.02761840820312,289.0218505859375
2021-09-03,150.49977111816406,142.4761199951172,289.0122985839844
2021-09-07,152.83090209960938,143.01239013671875,288.0909729003906
2021-09-08,151.2898406982422,142.4280548095703,288.11968994140625
2021-09-09,150.2754364013672,142.2793731689453,285.2789306640625
2021-09-10,145.3010711669922,139.6378173828125,283.8009033203125
2021-09-13,145.86676025390625,141.08151245117188,285.029296875
2021-09-14,144.47195434570312,141.29165649414062,287.7166442871094
2021-09-15,145.3595733642578,143.1600799560547,292.5440673828125
2021-09-16,145.12545776367188,142.3477783203125,292.9280090332031
2021-09-17,142.46273803710938,139.5624542236328,287.7933349609375
2021-09-20,139.41954040527344,137.50027465820312,282.4477233886719
2021-09-21,139.89744567871094,137.8109893798828,282.9276123046875
2021-09-22,142.2578887939453,139.0504913330078,286.55535888671875
2021-09-23,143.2137451171875,139.9748077392578,287.495849609375
2021-09-24,143.30152893066406,140.9650115966797,287.2943420410156
2021-09-27,141.78970336914062,139.8321075439453,282.3230285644531
2021-09-28,138.41494750976562,134.63616943359375,272.1018981933594
2021-09-29,139.31224060058594,133.17263793945312,272.56256103515625
2021-09-30,138.01498413085938,132.50106811523438,270.5663757324219
2021-10-01,139.13665771484375,135.34288024902344,277.4571838378906
2021-10-04,135.71311950683594,132.48472595214844,271.7084045410156
2021-10-05,137.63461303710938,134.8274688720703,277.1308288574219
2021-10-06,138.502685546875,136.35589599609375,281.3056640625
2021-10-07,139.76092529296875,138.00131225585938,282.9755554199219
2021-10-08,139.38052368164062,138.556884765625,282.9755554199219
2021-10-11,139.29273986816406,137.69305419921875,282.3805236816406
2021-10-12,138.02474975585938,135.2497100830078,281.0849609375
2021-10-13,137.43954467773438,136.3727569580078,284.3768005371094
2021-10-14,140.21934509277344,139.91038513183594,290.5573425292969
2021-10-15,141.27276611328125,140.12545776367188,291.9587097167969
2021-10-18,142.94064331054688,141.52305603027344,294.9145812988281
2021-10-19,145.09619140625,141.9780731201172,295.81671142578125
2021-10-20,145.58387756347656,140.52296447753906,295.0296936035156
2021-10-21,145.79844665527344,140.63893127441406,298.24481201171875
2021-10-22,145.02793884277344,136.35739135742188,296.7093200683594
2021-10-25,144.97914123535156,136.2389373779297,295.7207336425781
2021-10-26,145.64242553710938,138.08409118652344,297.6210632324219
2021-10-27,145.18405151367188,144.93235778808594,310.15509033203125
2021-10-28,148.8123779296875,144.56710815429688,311.2875671386719
2021-10-29,146.11056518554688,146.7447967529297,318.2647399902344
2021-11-01,145.2913055419922,142.23573303222656,316.1053466796875
2021-11-02,146.3251953125,144.1542510986328,319.7139587402344
2021-11-03,147.75900268554688,145.3095245361328,320.54888916015625
2021-11-04,147.2420654296875,146.96434020996094,322.8906555175781
2021-11-05,147.76950073242188,147.54371643066406,322.52593994140625
2021-11-08,146.94900512695312,147.72113037109375,323.41845703125
2021-11-09,147.31039428710938,147.60960388183594,322.4204406738281
2021-11-10,144.48748779296875,144.6112060546875,317.4777526855469
2021-11-11,144.43861389160156,144.48532104492188,319.0421142578125
2021-11-12,146.5094451904297,147.37120056152344,323.159423828125
2021-11-15,146.51919555664062,147.14718627929688,322.53558349609375
2021-11-16,147.49598693847656,146.57627868652344,325.83697509765625
2021-11-17,149.92820739746094,146.74575805664062,326.0581970214844
2021-11-18,154.20657348632812,148.52151489257812,328.1253662109375
2021-11-19,156.82437133789062,147.6175537109375,329.8944091796875
2021-11-22,157.2834930419922,145.01611328125,326.7408142089844
2021-11-23,157.66441345214844,144.5006561279297,324.6735534667969
2021-11-24,158.18212890625,144.83567810058594,324.8947448730469
2021-11-26,153.171142578125,140.933349609375,316.98175048828125
2021-11-29,156.52157592773438,144.25140380859375,323.6640319824219
2021-11-30,161.46420288085938,140.6503448486328,317.856689453125
2021-12-01,160.94647216796875,139.81178283691406,317.3663330078125
2021-12-02,159.9598846435547,141.7094268798828,316.7991027832031
2021-12-03,158.08445739746094,140.75338745117188,310.56866455078125
2021-12-06,161.4836883544922,141.8967742919922,313.62615966796875
2021-12-07,167.20773315429688,145.97511291503906,322.01995849609375
2021-12-08,171.01718139648438,146.88401794433594,322.0679626464844
2021-12-09,170.50927734375,146.34088134765625,320.2700500488281
2021-12-10,175.28578186035156,146.70066833496094,329.346435546875
2021-12-13,171.66189575195312,144.5447998046875,326.32733154296875
2021-12-14,170.28460693359375,142.64215087890625,315.69342041015625
2021-12-15,175.13931274414062,145.15390014648438,321.76031494140625
2021-12-16,168.26263427734375,143.17543029785156,312.3858642578125
2021-12-17,167.16864013671875,140.4793243408203,311.3282165527344
2021-12-20,165.81088256835938,140.3623809814453,307.58807373046875
2021-12-21,168.97569274902344,142.2114715576172,314.6838073730469
2021-12-22,171.56419372558594,145.1281280517578,320.3661804199219
2021-12-23,172.18931579589844,145.62521362304688,321.7987060546875
2021-12-27,176.1453857421875,146.60650634765625,329.2599182128906
2021-12-28,175.12948608398438,145.397705078125,328.1061096191406
2021-12-29,175.21743774414062,145.3660125732422,328.7791748046875
2021-12-30,174.0648193359375,144.91551208496094,326.25042724609375
2021-12-31,173.44943237304688,143.57887268066406,323.3659973144531
2022-01-03,177.7864227294922,143.71713256835938,321.8564453125
2022-01-04,175.52999877929688,143.13034057617188,316.3376159667969
2022-01-05,170.86093139648438,136.5640411376953,304.1940002441406
2022-01-06,168.00868225097656,136.5368194580078,301.7903137207031
2022-01-07,168.1747589111328,135.8126983642578,301.94415283203125
2022-01-10,168.19427490234375,137.45071411132812,302.16522216796875
2022-01-11,171.01718139648438,138.5078125,302.84796142578125
2022-01-12,171.45677185058594,140.18743896484375,306.0112609863281
2022-01-13,168.19427490234375,137.36892700195312,293.06005859375
2022-01-14,169.0538330078125,138.25454711914062,298.25213623046875
2022-01-18,165.85972595214844,134.8026580810547,290.9928283691406
2022-01-19,162.37255859375,133.9289093017578,291.6466064453125
2022-01-20,160.69248962402344,132.1358184814453,289.9833679199219
2022-01-21,158.64122009277344,129.205810546875,284.6278076171875
2022-01-24,157.8695526123047,129.65431213378906,284.9547119140625
2022-01-25,156.07225036621094,125.8193359375,277.37823486328125
2022-01-26,155.9843292236328,128.0971221923828,285.28167724609375
2022-01-27,155.52525329589844,127.87114715576172,288.2910461425781
2022-01-28,166.3773956298828,132.17892456054688,296.3868103027344
2022-01-31,170.7241668701172,134.1142578125,299.001953125
2022-02-01,170.55813598632812,136.43421936035156,296.8675537109375
2022-02-02,171.75958251953125,146.69918823242188,301.386474609375
2022-02-03,168.88780212402344,141.83233642578125,289.6467590332031
2022-02-04,168.6041717529297,142.0335693359375,294.1561584472656
2022-02-07,167.89015197753906,137.97752380371094,289.3583984375
2022-02-08,170.9905548095703,138.1737823486328,292.8292541503906
2022-02-09,172.40870666503906,140.34751892089844,299.22308349609375
2022-02-10,168.340087890625,137.401611328125,290.7332458496094
2022-02-11,164.93650817871094,133.10226440429688,283.676025390625
2022-02-14,165.17127990722656,134.33485412597656,283.6374816894531
2022-02-15,168.995361328125,135.4078369140625,288.89678955078125
2022-02-16,168.76065063476562,136.5273895263672,288.5596618652344
2022-02-17,165.17127990722656,131.3740692138672,280.1099548339844
2022-02-18,163.6259307861328,129.25685119628906,277.41229248046875
2022-02-22,160.71141052246094,128.6725311279297,277.20989990234375
2022-02-23,156.5547332763672,126.46659088134766,270.03204345703125
2022-02-24,159.16610717773438,131.52471923828125,283.8289794921875
2022-02-25,161.22976684570312,133.2777099609375,286.44964599609375
2022-02-28,161.4938507080078,133.86996459960938,287.8756103515625
2022-03-01,159.61598205566406,132.8831787109375,284.1758728027344
2022-03-02,162.90220642089844,133.38868713378906,289.22442626953125
2022-03-03,162.5794219970703,132.72264099121094,285.11041259765625
2022-03-04,159.5866241455078,130.74713134765625,279.2716979980469
2022-03-07,155.8015899658203,125.2677230834961,268.72174072265625
2022-03-08,153.9824676513672,125.98733520507812,265.77349853515625
2022-03-09,159.37149047851562,132.247314453125,277.96142578125
2022-03-10,155.03878784179688,131.26553344726562,275.1577453613281
2022-03-11,151.3319549560547,128.72901916503906,269.83935546875
2022-03-14,147.31222534179688,124.8439712524414,266.342041015625
2022-03-15,151.68411254882812,128.0624237060547,276.6607360839844
2022-03-16,156.0852813720703,132.10906982421875,283.63629150390625
2022-03-17,157.0926055908203,132.6626434326172,284.4360046386719
2022-03-18,160.37884521484375,134.92906188964844,289.4556579589844
2022-03-21,161.7481231689453,134.9052734375,288.2320251464844
2022-03-22,165.11257934570312,138.63865661621094,292.9530944824219
2022-03-23,166.4720458984375,137.06015014648438,288.5498962402344
2022-03-24,170.24728393554688,140.32769775390625,292.9915771484375
2022-03-25,170.88302612304688,140.42782592773438,292.58697509765625
2022-03-28,171.74368286132812,140.2122039794922,299.3505554199219
2022-03-29,175.02989196777344,141.25299072265625,303.8883972167969
2022-03-30,173.86605834960938,140.6909637451172,302.39508056640625
2022-03-31,170.7754364013672,137.84518432617188,297.0478210449219
2022-04-01,170.48199462890625,138.91867065429688,298.1173095703125
2022-04-04,174.52130126953125,141.71490478515625,303.4644775390625
2022-04-05,171.21556091308594,139.35531616210938,299.5238952636719
2022-04-06,168.05645751953125,135.3478240966797,288.5596618652344
2022-04-07,168.3596649169922,134.69415283203125,290.361328125
2022-04-08,166.35467529296875,132.1160125732422,286.12200927734375
2022-04-11,162.1099853515625,127.69124603271484,274.83984375
2022-04-12,163.97802734375,126.59197998046875,271.7566833496094
2022-04-13,166.65789794921875,128.7523193359375,277.1136169433594
2022-04-14,161.66014099121094,125.61614990234375,269.608154296875
2022-04-18,161.44493103027344,126.55431365966797,270.27294921875
2022-04-19,163.72373962402344,128.86630249023438,274.8783264160156
2022-04-20,163.55751037597656,126.91461181640625,275.8996276855469
2022-04-21,162.76527404785156,123.71747589111328,270.55230712890625
2022-04-22,158.23695373535156,118.583984375,264.02001953125
2022-04-25,159.30303955078125,121.99227905273438,270.4656677246094
2022-04-26,153.35655212402344,117.60714721679688,260.34918212890625
2022-04-27,153.13162231445312,113.28993225097656,272.874267578125
2022-04-28,160.0463104248047,117.48077392578125,279.05010986328125
2022-04-29,154.18789672851562,113.10655212402344,267.38250732421875
2022-05-02,154.4910888671875,115.55831146240234,274.07867431640625
2022-05-03,155.97769165039062,116.30272674560547,271.48687744140625
2022-05-04,162.3740997314453,121.18640899658203,279.3874206542969
2022-05-05,153.32720947265625,115.48150634765625,267.2187194824219
2022-05-06,154.052001953125,114.72917175292969,264.6944274902344
2022-05-09,148.93911743164062,111.5221176147461,254.91517639160156
2022-05-10,151.33883666992188,113.38954162597656,259.65545654296875
2022-05-11,143.49325561523438,112.60401916503906,251.0323944091797
2022-05-12,139.63414001464844,111.85218811035156,246.0223846435547
2022-05-13,144.09071350097656,115.03050231933594,251.5815887451172
2022-05-16,142.55296325683594,113.4391098022461,251.9476776123047
2022-05-17,146.177001953125,115.44928741455078,257.0733947753906
2022-05-18,137.92984008789062,110.9159927368164,245.36891174316406
2022-05-19,134.53106689453125,109.41381072998047,244.4611358642578
2022-05-20,134.76611328125,107.95077514648438,243.9010467529297
2022-05-23,140.17282104492188,110.50811004638672,251.7136688232422
2022-05-24,137.47927856445312,105.0385971069336,250.71900939941406
2022-05-25,137.635986328125,104.87504577636719,253.51954650878906
2022-05-26,140.82904052734375,106.8450927734375,256.7836608886719
2022-05-27,146.56881713867188,111.32930755615234,263.8719787597656
2022-05-31,145.78518676757812,112.76211547851562,262.5490417480469
2022-06-01,145.65792846679688,112.89098358154297,263.0801696777344
2022-06-02,148.10659790039062,116.58867645263672,265.16607666015625
2022-06-03,142.396240234375,113.53425598144531,260.7624206542969
2022-06-06,143.14064025878906,115.79373931884766,259.5360412597656
2022-06-07,145.65792846679688,116.11984252929688,263.1573486328125
2022-06-08,144.92332458496094,116.16394805908203,261.1390686035156
2022-06-09,139.7124786376953,113.826171875,255.71177673339844
2022-06-10,134.31558227539062,110.1844711303711,244.31626892089844
2022-06-13,129.17330932617188,105.45738220214844,233.95413208007812
2022-06-14,130.03526306152344,105.77754974365234,236.1077117919922
2022-06-15,132.6504364013672,108.79975128173828,243.12841796875
2022-06-16,127.39065551757812,105.1015396118164,236.5712432861328
2022-06-17,128.85989379882812,106.20177459716797,239.15936279296875
2022-06-21,133.0814208984375,110.5635986328125,245.04055786132812
2022-06-22,132.5720977783203,110.50761413574219,244.4514617919922
2022-06-23,135.43215942382812,111.25546264648438,249.98501586914062
2022-06-24,138.7526092529297,116.93809509277344,258.52197265625
2022-06-27,138.7526092529297,114.81541442871094,255.808349609375
2022-06-28,134.6192169189453,111.02304077148438,247.68666076660156
2022-06-29,136.3724365234375,110.71971893310547,251.33706665039062
2022-06-30,133.9139862060547,108.00528717041016,248.0246124267578
2022-07-01,136.07859802246094,107.78178405761719,250.68031311035156
2022-07-05,138.65464782714844,112.26750946044922,253.83827209472656
2022-07-06,139.98670959472656,113.56499481201172,257.08306884765625
2022-07-07,143.34632873535156,117.7389907836914,259.19793701171875
2022-07-08,144.02212524414062,118.30445861816406,258.4833068847656
2022-07-11,141.89669799804688,114.6597900390625,255.44140625
2022-07-12,142.8664093017578,113.01834106445312,244.9729766845703
2022-07-13,142.5039825439453,110.3747787475586,244.05552673339844
2022-07-14,145.42283630371094,109.39745330810547,245.36891174316406
2022-07-15,147.08792114257812,110.79505157470703,247.9184112548828
2022-07-18,144.0515594482422,108.07169342041016,245.5330810546875
2022-07-19,147.90090942382812,112.80968475341797,250.6320343017578
2022-07-20,149.89906311035156,112.89889526367188,253.2781219482422
2022-07-21,152.16160583496094,113.33502197265625,255.760009765625
2022-07-22,150.92750549316406,106.95164489746094,251.43359375
2022-07-25,149.8108673095703,106.56505584716797,249.9560089111328
2022-07-26,148.48858642578125,104.0969467163086,243.26365661621094
2022-07-27,153.57205200195312,112.0662841796875,259.5262451171875
2022-07-28,154.12059020996094,113.21607208251953,266.933349609375
2022-07-29,159.1746368408203,115.29762268066406,271.1148986816406
2022-08-01,158.19522094726562,113.8504638671875,268.478515625
2022-08-02,156.72596740722656,114.11808013916016,265.39788818359375
2022-08-03,162.72035217285156,117.04216766357422,272.7855224609375
2022-08-04,162.40696716308594,117.15119171142578,273.92510986328125
2022-08-05,162.1813507080078,116.4375228881836,273.2105407714844
2022-08-08,161.7105255126953,116.26902770996094,270.70928955078125
2022-08-09,161.75955200195312,115.60490417480469,272.6213684082031
2022-08-10,165.996826171875,118.6479263305664,279.24615478515625
2022-08-11,165.2611846923828,117.79547119140625,277.1795349121094
2022-08-12,168.802001953125,120.61051940917969,281.90191650390625
2022-08-15,169.87112426757812,121.00698852539062,283.408447265625
2022-08-16,169.71417236328125,120.63033294677734,282.6744689941406
2022-08-17,171.20504760742188,118.49925231933594,281.92926025390625
2022-08-18,170.81271362304688,119.11378479003906,280.81634521484375
2022-08-19,168.2330780029297,116.17979431152344,276.92596435546875
2022-08-22,164.3588409423828,113.23589324951172,268.7967529296875
2022-08-23,164.02529907226562,112.85924530029297,267.5289611816406
2022-08-24,164.3195343017578,112.69075012207031,266.8999328613281
2022-08-25,166.77166748046875,115.62472534179688,269.8612976074219
2022-08-26,160.48451232910156,109.37018585205078,259.4481506347656
2022-08-29,158.2874298095703,108.45829010009766,256.6802978515625
2022-08-30,155.8647918701172,107.98250579833984,254.49319458007812
2022-08-31,154.20712280273438,107.2688217163086,253.04153442382812
2022-09-01,154.93296813964844,108.77545928955078,252.00599670410156
2022-09-02,152.82418823242188,106.90206909179688,247.80593872070312
2022-09-06,151.5686798095703,105.87120819091797,245.0865020751953
2022-09-07,152.97129821777344,108.48800659179688,249.7705078125
2022-09-08,151.50003051757812,107.42741394042969,250.1866455078125
2022-09-09,154.35426330566406,109.67747497558594,255.93519592285156
2022-09-12,160.29812622070312,109.88561248779297,258.0545349121094
2022-09-13,150.8919219970703,103.4030990600586,243.8671417236328
2022-09-14,152.33372497558594,104.0771255493164,244.0896759033203
2022-09-15,149.45008850097656,102.00550079345703,237.47018432617188
2022-09-16,147.8120880126953,101.8964614868164,236.85079956054688
2022-09-19,151.51963806152344,102.16409301757812,236.6378936767578
2022-09-20,153.89328002929688,100.25106811523438,234.63462829589844
2022-09-21,150.7742156982422,98.40740203857422,231.2474365234375
2022-09-22,149.81300354003906,99.25983428955078,233.2119903564453
2022-09-23,147.54727172851562,97.87213897705078,230.2506561279297
2022-09-26,147.88072204589844,97.30716705322266,229.79580688476562
2022-09-27,148.8517608642578,96.64305114746094,228.78933715820312
2022-09-28,146.96856689453125,99.17064666748047,233.2991180419922
2022-09-29,139.74961853027344,96.5637435913086,229.84422302246094
2022-09-30,135.55162048339844,94.80931091308594,225.39247131347656
2022-10-03,139.72018432617188,97.77301788330078,232.979736328125
2022-10-04,143.3002471923828,100.74666595458984,240.85736083984375
2022-10-05,143.59446716308594,100.53849792480469,241.16702270507812
2022-10-06,142.64306640625,100.52859497070312,238.83473205566406
2022-10-07,137.40541076660156,97.81267547607422,226.68927001953125
2022-10-10,137.72909545898438,96.9998779296875,221.86013793945312
2022-10-11,136.31666564941406,96.32585144042969,218.1439208984375
2022-10-12,135.68894958496094,96.7025146484375,218.47293090820312
2022-10-13,140.2498779296875,98.18933868408203,226.68927001953125
2022-10-14,135.72817993164062,95.71131134033203,221.19236755371094
2022-10-17,139.68093872070312,99.09133911132812,229.87322998046875
2022-10-18,140.99526977539062,99.88430786132812,230.8119659423828
2022-10-19,141.10316467285156,98.75432586669922,228.85708618164062
2022-10-20,140.64218139648438,99.09133911132812,228.53773498535156
2022-10-21,144.44784545898438,100.24112701416016,234.3152618408203
2022-10-24,146.58604431152344,101.61892700195312,239.27992248535156
2022-10-25,149.42063903808594,103.56170654296875,242.5800018310547
2022-10-26,146.48794555664062,94.09563446044922,223.86341857910156
2022-10-27,142.02516174316406,91.4094467163086,219.44070434570312
2022-10-28,152.75552368164062,95.44367980957031,228.26673889160156
2022-10-31,150.40150451660156,93.67932891845703,224.6472930908203
2022-11-01,147.76304626464844,89.67483520507812,220.81492614746094
2022-11-02,142.250732421875,86.20560455322266,213.00509643554688
2022-11-03,136.21861267089844,82.69671630859375,207.34368896484375
2022-11-04,135.9533233642578,85.81902313232422,214.25352478027344
2022-11-07,136.48387145996094,87.71222686767578,220.5246124267578
2022-11-08,137.05368041992188,88.1186294555664,221.4923858642578
2022-11-09,132.50489807128906,86.5525131225586,217.27291870117188
2022-11-10,144.29444885253906,93.11434173583984,235.14755249023438
2022-11-11,147.07481384277344,95.56262969970703,239.1444091796875
2022-11-14,145.67971801757812,94.85887145996094,233.7636260986328
2022-11-15,147.40884399414062,97.57479095458984,234.17010498046875
2022-11-16,146.1807861328125,97.9811782836914,234.5971221923828
2022-11-17,148.07691955566406,97.49549102783203,234.548583984375
2022-11-18,148.63693237304688,96.57366943359375,234.10214233398438
2022-11-21,145.41441345214844,94.7597427368164,234.90769958496094
2022-11-22,147.5464324951172,96.19701385498047,237.7997589111328
2022-11-23,148.4208221435547,97.5946044921875,240.2745361328125
2022-11-25,145.51271057128906,96.6033935546875,240.1871337890625
2022-11-28,141.69093322753906,95.2057876586914,234.62620544433594
2022-11-29,138.69439697265625,94.35334777832031,233.2384490966797
2022-11-30,145.43411254882812,100.10236358642578,247.6114044189453
2022-12-01,145.7091827392578,100.10236358642578,247.1746826171875
2022-12-02,145.21795654296875,99.55721282958984,247.4949493408203
2022-12-05,144.0586700439453,98.60563659667969,242.8171844482422
2022-12-06,140.40390014648438,96.12761688232422,237.8870849609375
2022-12-07,138.4684600830078,94.10554504394531,237.1592254638672
2022-12-08,140.14840698242188,92.88634490966797,240.09979248046875
2022-12-09,139.66705322265625,92.01409149169922,238.17820739746094
2022-12-12,141.9562225341797,92.48987579345703,245.0590057373047
2022-12-13,142.9190216064453,94.78947448730469,249.33889770507812
2022-12-14,140.69863891601562,94.2343978881836,249.6300811767578
2022-12-15,134.1062774658203,90.06141662597656,241.6622772216797
2022-12-16,132.1511993408203,89.4666748046875,237.4697723388672
2022-12-19,130.04873657226562,87.66268157958984,233.3548583984375
2022-12-20,129.97998046875,88.23756408691406,234.66502380371094
2022-12-21,133.07470703125,88.79265594482422,237.2174072265625
2022-12-22,129.9111785888672,86.9886474609375,231.16159057617188
2022-12-23,129.5476837158203,88.44573974609375,231.68560791015625
2022-12-27,127.74974060058594,86.62189483642578,229.9678955078125
2022-12-28,123.82972717285156,85.2639389038086,227.6095428466797
2022-12-29,127.33712005615234,87.67259216308594,233.8983612060547
2022-12-30,127.6514892578125,87.45451354980469,232.7434844970703
2023-01-03,122.87672424316406,88.33670043945312,232.51055908203125
2023-01-04,124.14412689208984,87.30584716796875,222.33978271484375
2023-01-05,122.82760620117188,85.44236755371094,215.75015258789062
2023-01-06,127.34695434570312,86.57233428955078,218.2928009033203
2023-01-09,127.86763763427734,87.2463607788086,220.41818237304688
2023-01-10,128.4375,87.64285278320312,222.09716796875
2023-01-11,131.14907836914062,90.71559143066406,228.81297302246094
2023-01-12,131.0704803466797,90.32902526855469,231.47210693359375
2023-01-13,132.39682006835938,91.31031799316406,232.17088317871094
2023-01-17,133.55613708496094,90.48762512207031,233.25784301757812
2023-01-18,132.8389129638672,90.31912994384766,228.85179138183594
2023-01-19,132.8978729248047,92.23216247558594,225.0862579345703
2023-01-20,135.4522705078125,97.15846252441406,233.1316680908203
2023-01-23,138.6354522705078,98.91292572021484,235.4220428466797
2023-01-24,140.0305938720703,96.8412857055664,234.89797973632812
2023-01-25,139.372314453125,94.38308715820312,233.51019287109375
2023-01-26,141.43548583984375,96.66287231445312,240.68211364746094
2023-01-27,143.3709259033203,98.4966049194336,240.83738708496094
2023-01-30,140.49232482910156,96.08795928955078,235.54818725585938
2023-01-31,141.75967407226562,97.97126770019531,240.4977264404297
2023-02-01,142.8797149658203,99.54728698730469,245.2919158935547
2023-02-02,148.1752166748047,106.79302978515625,256.7922668457031
2023-02-03,151.79066467285156,103.85906219482422,250.72669982910156
2023-02-06,149.06919860839844,101.9955825805664,249.19329833984375
2023-02-07,151.93798828125,106.69392395019531,259.6648864746094
2023-02-08,149.255859375,98.4966049194336,258.8594665527344
2023-02-09,148.2242889404297,94.1749267578125,255.84117126464844
2023-02-10,148.58837890625,93.73880004882812,255.3365478515625
2023-02-13,151.38282775878906,93.77845001220703,263.31402587890625
2023-02-14,150.74325561523438,93.84784698486328,264.138916015625
2023-02-15,152.83909606933594,96.08795928955078,262.0276184082031
2023-02-16,151.24510192871094,94.6705322265625,255.05181884765625
2023-02-17,150.10369873046875,93.5207290649414,251.07257080078125
2023-02-21,146.0989227294922,90.9832534790039,245.82850646972656
2023-02-22,146.52203369140625,90.84446716308594,244.69989013671875
2023-02-23,147.00416564941406,90.09112548828125,247.87164306640625
2023-02-24,144.35733032226562,88.34661102294922,242.471923828125
2023-02-27,145.54794311523438,89.08010864257812,243.38645935058594
2023-02-28,145.04611206054688,89.2684326171875,242.66650390625
2023-03-01,142.97976684570312,89.5657958984375,239.6017608642578
2023-03-02,143.57015991210938,91.19137573242188,244.31072998046875
2023-03-03,148.60806274414062,92.8268814086914,248.37754821777344
2023-03-06,151.36317443847656,94.29386901855469,249.91476440429688
2023-03-07,149.16891479492188,93.0350341796875,247.26840209960938
2023-03-08,150.41856384277344,93.4216079711914,246.83058166503906
2023-03-09,148.1751251220703,91.5085678100586,245.48797607421875
2023-03-10,146.11863708496094,89.83342742919922,241.85897827148438
2023-03-13,148.05702209472656,90.30919647216797,247.04464721679688
2023-03-14,150.14303588867188,93.14405822753906,253.72860717773438
2023-03-15,150.53662109375,95.26525115966797,258.252685546875
2023-03-16,153.35076904296875,99.43824768066406,268.7214050292969
2023-03-17,152.514404296875,100.7268295288086,271.86383056640625
2023-03-20,154.87586975097656,100.33036041259766,264.85888671875
2023-03-21,156.72576904296875,103.99781799316406,266.36688232421875
2023-03-22,155.2990264892578,102.4614486694336,264.9172668457031
2023-03-23,156.38137817382812,104.6718521118164,270.1418151855469
2023-03-24,157.68019104003906,104.51325225830078,272.9730529785156
2023-03-27,155.74180603027344,101.55945587158203,268.8964538574219
2023-03-28,155.1218719482422,100.14201354980469,267.77764892578125
2023-03-29,158.19186401367188,100.49885559082031,272.9147033691406
2023-03-30,159.75637817382812,100.00325012207031,276.35882568359375
2023-03-31,162.2556610107422,102.81828308105469,280.4937744140625
2023-04-03,163.5052490234375,103.44275665283203,279.4527282714844
2023-04-04,162.9739227294922,103.79959106445312,279.404052734375
2023-04-05,161.1339111328125,103.55178833007812,276.6409606933594
2023-04-06,162.0194854736328,107.4670639038086,283.7043762207031
2023-04-10,159.43165588378906,105.50446319580078,281.5542297363281
2023-04-11,158.2213897705078,104.4240493774414,275.171875
2023-04-12,157.5325927734375,103.72029113769531,275.81402587890625
2023-04-13,162.90504455566406,106.48576354980469,281.9920654296875
2023-04-14,162.56065368652344,107.9131088256836,278.39227294921875
2023-04-17,162.58033752441406,105.0385971069336,280.98016357421875
2023-04-18,163.8004608154297,103.58151245117188,280.5618591308594
2023-04-19,164.94187927246094,103.26433563232422,280.63970947265625
2023-04-20,163.97755432128906,104.36457824707031,278.3630676269531
2023-04-21,162.3737335205078,104.48353576660156,278.02252197265625
2023-04-24,162.67874145507812,105.0385971069336,274.14056396484375
2023-04-25,161.14376831054688,102.93721771240234,267.9624328613281
2023-04-26,161.1339111328125,102.79845428466797,287.372314453125
2023-04-27,165.70936584472656,106.64435577392578,296.5761413574219
2023-04-28,166.95896911621094,106.39655303955078,298.94036865234375
2023-05-01,166.8704071044922,106.25778198242188,297.2864074707031
2023-05-02,165.83726501464844,104.3943099975586,297.1405029296875
2023-05-03,164.7647247314453,104.48353576660156,296.1578369140625
2023-05-04,163.13133239746094,103.76985168457031,297.1405029296875
2023-05-05,170.78660583496094,104.64212036132812,302.23858642578125
2023-05-08,170.71771240234375,106.82278442382812,300.2926940917969
2023-05-09,169.0154571533203,106.40646362304688,298.6873474121094
2023-05-10,170.77676391601562,110.76779174804688,303.8536071777344
2023-05-11,170.96368408203125,115.54542541503906,301.713134765625
2023-05-12,170.03750610351562,116.47718048095703,300.60400390625
2023-05-15,169.5448760986328,115.48596954345703,301.0807800292969
2023-05-16,169.5448760986328,118.45960235595703,303.299072265625
2023-05-17,170.15573120117188,119.77789306640625,306.1657409667969
2023-05-18,172.4811248779297,121.75041198730469,310.5728759765625
2023-05-19,172.58949279785156,121.6810302734375,310.3974914550781
2023-05-22,171.64358520507812,123.9509048461914,313.16656494140625
2023-05-23,169.04229736328125,121.4827880859375,307.3941955566406
2023-05-24,169.3181915283203,119.83737182617188,306.01947021484375
2023-05-25,170.4513702392578,122.39469909667969,317.788330078125
2023-05-26,172.8555450439453,123.5147705078125,324.5843811035156
2023-05-30,174.6980743408203,122.5830078125,322.9463195800781
2023-05-31,174.64881896972656,121.7900619506836,320.1966857910156
2023-06-01,177.44711303710938,122.63258361816406,324.28216552734375
2023-06-02,178.2945098876953,123.57423400878906,327.0318298339844
2023-06-05,176.94464111328125,124.90245819091797,327.55828857421875
2023-06-06,176.58009338378906,126.19103240966797,325.354736328125
2023-06-07,175.21044921875,121.4233169555664,315.3116455078125
2023-06-08,177.92010498046875,121.06646728515625,317.1448059082031
2023-06-09,178.3043975830078,121.15570068359375,318.6366271972656
2023-06-12,181.09286499023438,122.55330657958984,323.5703430175781
2023-06-13,180.61988830566406,122.74163055419922,325.949462890625
2023-06-14,181.25051879882812,122.5830078125,328.9233703613281
2023-06-15,183.2802734375,123.99053955078125,339.4149475097656
2023-06-16,182.20626831054688,122.44424438476562,333.788818359375
2023-06-20,182.29495239257812,122.01805114746094,329.6156311035156
2023-06-21,181.2603302001953,119.49046325683594,325.2376708984375
2023-06-22,184.25575256347656,122.06759643554688,331.2342224121094
2023-06-23,183.9404296875,121.26470184326172,326.6612854003906
2023-06-26,182.55113220214844,117.29987335205078,320.4014892578125
2023-06-27,185.30018615722656,117.28996276855469,326.2224426269531
2023-06-28,186.47271728515625,119.12370300292969,327.4706115722656
2023-06-29,186.80770874023438,118.05319213867188,326.6904602050781
2023-06-30,191.1234588623047,118.6479263305664,332.0435485839844
2023-07-03,189.6356201171875,118.84617614746094,329.5571594238281
2023-07-05,188.5221710205078,120.67991638183594,329.713134765625
2023-07-06,188.99513244628906,119.0543212890625,332.75531005859375
2023-07-07,187.8817138671875,118.42984771728516,328.80633544921875
2023-07-10,185.8421173095703,115.42648315429688,323.5508117675781
2023-07-11,185.3198699951172,116.11043548583984,324.17486572265625
2023-07-12,186.98507690429688,117.88469696044922,328.7868347167969
2023-07-13,187.7437744140625,123.44538116455078,334.11065673828125
2023-07-14,187.8916015625,124.3176498413086,336.62628173828125
2023-07-17,191.1431427001953,123.5544204711914,337.10406494140625
2023-07-18,190.886962890625,122.6722412109375,350.5207214355469
2023-07-19,192.2368621826172,120.95743560791016,346.22076416015625
2023-07-20,190.2958221435547,118.15230560302734,338.215576171875
2023-07-21,189.12330627441406,118.96511840820312,335.19293212890625
2023-07-24,189.92135620117188,120.46183776855469,336.4995422363281
2023-07-25,190.77857971191406,121.13585662841797,342.22308349609375
2023-07-26,191.6456756591797,128.1337890625,329.3426513671875
2023-07-27,190.3844757080078,128.2626495361328,322.468505859375
2023-07-28,192.9561309814453,131.41470336914062,329.927734375
2023-07-31,193.5670623779297,131.55349731445312,327.5388488769531
2023-08-01,192.7393798828125,130.39378356933594,327.94830322265625
2023-08-02,189.7538604736328,127.25163269042969,319.328857421875
2023-08-03,188.3645477294922,127.32099151611328,318.5098571777344
2023-08-04,179.31927490234375,126.9840087890625,319.6018981933594
2023-08-07,176.225341796875,130.37396240234375,321.8736877441406
2023-08-08,177.16139221191406,130.24508666992188,317.9150695800781
2023-08-09,175.57504272460938,128.5203857421875,314.19036865234375
2023-08-10,175.3582763671875,128.5501251220703,314.8728942871094
2023-08-11,175.41744995117188,128.42124938964844,313.0008239746094
2023-08-14,177.0651397705078,130.1757049560547,315.95513916015625
2023-08-15,175.08201599121094,128.6393280029297,313.8295593261719
2023-08-16,174.2137451171875,127.56880950927734,313.0675048828125
2023-08-17,171.67800903320312,128.77809143066406,309.6279602050781
2023-08-18,172.1614990234375,126.33971405029297,309.2371826171875
2023-08-21,173.49346923828125,127.24171447753906,314.5135803222656
2023-08-22,174.86492919921875,127.94548034667969,315.080322265625
2023-08-23,178.70301818847656,131.20655822753906,319.51641845703125
2023-08-24,174.02626037597656,128.6393280029297,312.6473083496094
2023-08-25,176.2265167236328,128.73843383789062,315.5884094238281
2023-08-28,177.7854766845703,129.85850524902344,316.29193115234375
2023-08-29,181.66297912597656,133.38722229003906,320.8941345214844
2023-08-30,185.1458740234375,134.68569946289062,321.2654724121094
2023-08-31,185.36293029785156,134.97315979003906,320.2589416503906
2023-09-01,186.9317626953125,134.46766662597656,321.1383972167969
2023-09-05,187.16851806640625,134.57667541503906,325.91650390625
2023-09-06,180.46913146972656,133.27821350097656,325.2618713378906
2023-09-07,175.19053649902344,134.07118225097656,322.3598327636719
2023-09-08,175.80226135253906,135.1813201904297,326.6199951171875
2023-09-11,176.96652221679688,135.716552734375,330.2060546875
2023-09-12,173.9473419189453,134.15048217773438,324.17724609375
2023-09-13,171.88523864746094,135.50840759277344,328.3690490722656
2023-09-14,173.39483642578125,136.88619995117188,330.94866943359375
2023-09-15,172.67454528808594,136.19236755371094,322.6627197265625
2023-09-18,175.59507751464844,136.99525451660156,321.5293273925781
2023-09-19,176.68040466308594,136.8267059326172,321.1286926269531
2023-09-20,173.14813232421875,132.56451416015625,313.4289855957031
2023-09-21,171.6089630126953,129.29354858398438,312.2173767089844
2023-09-22,172.4574737548828,129.1051788330078,309.75506591796875
2023-09-25,173.73028564453125,129.95765686035156,310.27294921875
2023-09-26,169.665283203125,127.43997955322266,304.9964904785156
2023-09-27,168.1556854248047,129.39263916015625,305.6316223144531
2023-09-28,168.41221618652344,131.1470947265625,306.4621887207031
2023-09-29,168.92527770996094,129.70982360839844,308.52386474609375
2023-10-02,171.43136596679688,132.99072265625,314.43536376953125
2023-10-03,170.09939575195312,131.26602172851562,306.2179260253906
2023-10-04,171.34255981445312,134.05133056640625,311.660400390625
2023-10-05,172.5758819580078,133.88284301757812,312.0512390136719
2023-10-06,175.1214599609375,136.37075805664062,319.7704772949219
2023-10-09,176.60142517089844,137.20338439941406,322.2718200683594
2023-10-10,176.00942993164062,136.84654235839844,320.8746032714844
2023-10-11,177.40060424804688,139.31466674804688,324.8124084472656
2023-10-12,178.2985076904297,137.74856567382812,323.5812072753906
2023-10-13,176.46331787109375,136.1527099609375,320.22967529296875
2023-10-16,176.33506774902344,137.87741088867188,325.02734375
2023-10-17,174.78598022460938,138.491943359375,324.46063232421875
2023-10-18,173.49346923828125,136.7474365234375,322.5552062988281
2023-10-19,173.1185760498047,136.5392608642578,323.7375183105469
2023-10-20,170.572998046875,134.4081573486328,319.1940002441406
2023-10-23,170.69137573242188,135.30026245117188,321.7832946777344
2023-10-24,171.1255340576172,137.58995056152344,322.96563720703125
2023-10-25,168.8167266845703,124.5059814453125,332.87359619140625
2023-10-26,164.6628875732422,121.20523834228516,320.3860168457031
2023-10-27,165.97518920898438,121.0962142944336,322.2621154785156
2023-10-30,168.01754760742188,123.36608123779297,329.5904541015625
2023-10-31,168.49114990234375,122.98941802978516,330.3721618652344
2023-11-01,171.64842224121094,125.33859252929688,338.14996337890625
2023-11-02,175.20040893554688,126.36945343017578,340.3485412597656
2023-11-03,174.29266357421875,127.9653091430664,344.7259521484375
2023-11-06,176.83822631835938,129.1051788330078,348.3705749511719
2023-11-07,179.3937225341797,129.81887817382812,352.279052734375
2023-11-08,180.44940185546875,130.6812286376953,354.88800048828125
2023-11-09,179.975830078125,129.0952911376953,352.43536376953125
2023-11-10,184.1548309326172,131.4246368408203,361.20989990234375
2023-11-13,182.57412719726562,130.92901611328125,358.2882995605469
2023-11-14,185.18234252929688,132.44557189941406,361.7961120605469
2023-11-15,185.74546813964844,133.436767578125,361.9429931640625
2023-11-16,187.4250030517578,135.72647094726562,368.30718994140625
2023-11-17,187.40521240234375,134.12074279785156,362.1192321777344
2023-11-20,189.14404296875,135.05245971679688,369.55059814453125
2023-11-21,188.34378051757812,135.76612854003906,365.27197265625
2023-11-22,189.0057373046875,137.2727813720703,369.9520568847656
2023-11-24,187.68186950683594,135.48858642578125,369.5408020019531
2023-11-27,187.50401306152344,135.2110595703125,370.69610595703125
2023-11-28,188.106689453125,135.99412536621094,374.70068359375
2023-11-29,187.08908081054688,133.8035430908203,370.93115234375
2023-11-30,187.66209411621094,131.3651580810547,370.9898986816406
2023-12-01,188.9365692138672,130.70103454589844,366.68182373046875
2023-12-04,187.14834594726562,128.1337890625,361.424072265625
2023-12-05,191.0902862548828,129.8386993408203,364.7334289550781
2023-12-06,190.0035400390625,128.87722778320312,361.0911865234375
2023-12-07,191.93006896972656,135.72647094726562,363.19622802734375
2023-12-08,193.35275268554688,133.8035430908203,366.40771484375
2023-12-11,190.85317993164062,132.11846923828125,363.5389709472656
2023-12-12,192.36477661132812,131.3552703857422,366.5545654296875
2023-12-13,195.57562255859375,131.4048309326172,366.5447998046875
2023-12-14,195.7238311767578,130.7803497314453,358.28118896484375
2023-12-15,195.1903076171875,131.4345245361328,362.9808654785156
2023-12-18,193.5305633544922,134.60641479492188,364.8607482910156
2023-12-19,194.56793212890625,135.44894409179688,365.4580078125
2023-12-20,192.48333740234375,137.1240997314453,362.8731994628906
2023-12-21,192.33511352539062,139.18582153320312,365.73211669921875
2023-12-22,191.26812744140625,140.2464141845703,366.7503967285156
2023-12-26,190.72476196289062,140.27613830566406,366.8287353515625
2023-12-27,190.82357788085938,139.13624572753906,366.25103759765625
2023-12-28,191.24838256835938,138.9974822998047,367.4357604980469
2023-12-29,190.2110137939453,138.46224975585938,368.1798400878906
2024-01-02,183.4040069580078,136.95558166503906,363.117919921875
2024-01-03,182.03074645996094,137.69898986816406,362.85357666015625
2024-01-04,179.7189178466797,135.19122314453125,360.2491455078125
2024-01-05,178.9977264404297,134.53700256347656,360.06317138671875
2024-01-08,183.32496643066406,137.61968994140625,366.85809326171875
2024-01-09,182.9100341796875,139.71115112304688,367.93505859375
2024-01-10,183.9473876953125,141.02943420410156,374.7691650390625
2024-01-11,183.3546142578125,140.8312225341797,376.5903015136719
2024-01-12,183.6806182861328,141.39620971679688,380.3500061035156
2024-01-16,181.418212890625,141.2376251220703,382.1123962402344
2024-01-17,180.47964477539062,140.22657775878906,381.3291320800781
2024-01-18,186.3579864501953,142.2189178466797,385.63714599609375
2024-01-19,189.25270080566406,145.09344482421875,390.33685302734375
2024-01-22,191.55462646484375,144.70684814453125,388.2220458984375
2024-01-23,192.8291015625,145.74761962890625,390.5620422363281
2024-01-24,192.15728759765625,147.39303588867188,394.1455078125
2024-01-25,191.83126831054688,150.53515625,396.4072570800781
2024-01-26,190.1023406982422,150.85235595703125,395.48687744140625
2024-01-29,189.420654296875,152.16078186035156,401.1558837890625
2024-01-30,185.77511596679688,150.12879943847656,400.0494689941406
2024-01-31,182.17892456054688,138.86862182617188,389.26959228515625
2024-02-01,184.60934448242188,139.91929626464844,395.3400573730469
2024-02-02,183.6114959716797,141.1285858154297,402.6245422363281
2024-02-05,185.41944885253906,142.4171600341797,397.1708984375
2024-02-06,187.0199432373047,142.8334503173828,397.0142517089844
2024-02-07,187.12860107421875,144.26080322265625,405.3953552246094
2024-02-08,186.05174255371094,144.6275634765625,405.4541320800781
2024-02-09,186.8134307861328,147.69041442871094,411.75946044921875
2024-02-12,185.13174438476562,146.23330688476562,406.5800476074219
2024-02-13,183.0445098876953,143.86431884765625,397.82696533203125
2024-02-14,182.16412353515625,144.6573028564453,401.6720886230469
2024-02-15,181.87722778320312,141.51519775390625,398.79803466796875
2024-02-16,180.3439483642578,139.28492736816406,396.34576416015625
2024-02-20,179.60205078125,139.879638671875,395.1000061035156
2024-02-21,180.35385131835938,141.2970733642578,394.5016784667969
2024-02-22,182.3817596435547,142.82354736328125,403.7908935546875
2024-02-23,180.5517120361328,142.6947021484375,402.505859375
2024-02-26,179.20632934570312,136.36090087890625,399.7593688964844
2024-02-27,180.66050720214844,137.65933227539062,399.70050048828125
2024-02-28,179.4635467529297,135.1813201904297,399.93585205078125
2024-02-29,178.80076599121094,137.24305725097656,405.7428894042969
2024-03-01,177.72251892089844,135.9346466064453,407.5673522949219
2024-03-04,173.2117156982422,132.17796325683594,406.99847412109375
2024-03-05,168.285400390625,131.50392150878906,394.96270751953125
2024-03-06,167.2961883544922,130.24508666992188,394.41339111328125
2024-03-07,167.17747497558594,133.19886779785156,401.328857421875
2024-03-08,168.88882446289062,134.21983337402344,398.4644775390625
2024-03-11,170.8870391845703,136.45999145507812,396.79693603515625
2024-03-12,171.36187744140625,137.2826690673828,407.35162353515625
2024-03-13,169.28451538085938,138.56134033203125,407.1750183105469
2024-03-14,171.13433837890625,141.8422393798828,417.101806640625
2024-03-15,170.75843811035156,139.9391326904297,408.4698486328125
2024-03-18,171.84658813476562,146.38198852539062,409.3526611328125
2024-03-19,174.18115234375,145.7377166748047,413.364501953125
2024-03-20,176.7432403564453,147.43270874023438,417.111572265625
2024-03-21,169.52194213867188,146.3026885986328,421.1725158691406
2024-03-22,170.422119140625,149.44483947753906,420.5545959472656
2024-03-25,169.0075225830078,148.75099182128906,414.786865234375
2024-03-26,167.8798065185547,149.34571838378906,413.59991455078125
2024-03-27,171.44102478027344,149.54397583007812,413.3841552734375
2024-03-28,169.63072204589844,149.6033935546875,412.68768310546875
2024-04-01,168.19638061523438,154.1233673095703,416.4642028808594
2024-04-02,167.0192108154297,153.20152282714844,413.39398193359375
2024-04-03,167.82049560546875,153.55838012695312,412.4228820800781
2024-04-04,166.99942016601562,149.20693969726562,409.9019775390625
2024-04-05,167.751220703125,151.15965270996094,417.39605712890625
2024-04-08,166.63343811035156,153.48899841308594,416.48382568359375
2024-04-09,167.8402557373047,155.22360229492188,418.1415710449219
2024-04-10,165.97064208984375,154.76763916015625,415.17919921875
2024-04-11,173.15234375,158.0089111328125,419.7600402832031
2024-04-12,174.6460723876953,156.3436737060547,413.8451843261719
2024-04-15,170.8276824951172,153.4989013671875,405.7428894042969
2024-04-16,167.55340576171875,153.04293823242188,406.6649475097656
2024-04-17,166.18826293945312,154.103515625,403.9771728515625
2024-04-18,165.23858642578125,154.63876342773438,396.5517883300781
2024-04-19,163.22064208984375,152.73565673828125,391.5001220703125
2024-04-22,164.05157470703125,154.9064178466797,393.304931640625
2024-04-23,165.10011291503906,156.8690185546875,399.7887878417969
2024-04-24,167.19728088378906,157.7313690185547,401.25030517578125
2024-04-25,168.05789184570312,154.62887573242188,391.421630859375
2024-04-26,167.47425842285156,170.43865966796875,398.5625915527344
2024-04-29,171.6289520263672,164.6896514892578,394.5703430175781
2024-04-30,168.4931640625,161.34927368164062,381.8969421386719
2024-05-01,167.47425842285156,162.4197998046875,387.39990234375
2024-05-02,171.16404724121094,165.15553283691406,390.2444763183594
2024-05-03,181.40240478515625,165.7700958251953,398.8961486816406
2024-05-06,179.75045776367188,166.62254333496094,405.6448059082031
2024-05-07,180.43296813964844,169.74485778808594,401.52496337890625
2024-05-08,180.7693328857422,167.8912811279297,402.7020568847656
2024-05-09,182.57958984375,168.46617126464844,404.4480895996094
2024-05-10,181.32159423828125,167.16770935058594,406.8218688964844
2024-05-13,184.5210723876953,167.65338134765625,405.8213195800781
2024-05-14,185.6602020263672,168.84283447265625,408.6070861816406
2024-05-15,187.9285888671875,170.99375915527344,415.75115966796875
2024-05-16,188.04745483398438,172.64907836914062,413.69732666015625
2024-05-17,188.07717895507812,174.5125274658203,412.930908203125
2024-05-20,189.2361602783203,175.36500549316406,417.9720458984375
2024-05-21,190.53375244140625,176.28683471679688,421.6079406738281
2024-05-22,189.09747314453125,174.82974243164062,423.0623474121094
2024-05-23,185.1154327392578,172.02462768554688,419.6033020019531
2024-05-24,188.18614196777344,173.45196533203125,422.70855712890625
2024-05-28,188.19606018066406,174.84957885742188,422.86578369140625
2024-05-29,188.49322509765625,174.35394287109375,421.7357177734375
2024-05-30,189.4837646484375,170.59725952148438,407.4869079589844
2024-05-31,190.43470764160156,170.9838409423828,407.93896484375
2024-06-03,192.19789123535156,171.64793395996094,406.3567810058594
2024-06-04,192.51486206054688,172.26251220703125,408.86260986328125
2024-06-05,194.0205078125,173.8682861328125,416.66510009765625
2024-06-06,192.6436309814453,175.17666625976562,417.1662292480469
2024-06-07,195.03089904785156,172.92662048339844,416.50787353515625
2024-06-10,191.29647827148438,173.67088317871094,420.458251953125
2024-06-11,205.1940155029297,175.2685546875,425.1849365234375
2024-06-12,211.05812072753906,176.42962646484375,433.4197998046875
2024-06-13,212.2170867919922,173.81973266601562,433.9306945800781
2024-06-14,210.48358154296875,175.437255859375,434.9035949707031
2024-06-17,214.62411499023438,175.88381958007812,440.60308837890625
2024-06-18,212.26658630371094,173.750244140625,438.6082763671875
2024-06-20,207.70013427734375,174.95101928710938,437.9794006347656
2024-06-21,205.5308074951172,178.2555389404297,441.98870849609375
2024-06-24,206.17466735839844,177.84866333007812,439.915283203125
2024-06-25,207.09588623046875,182.62185668945312,443.138427734375
2024-06-26,211.23638916015625,182.47300720214844,444.32745361328125
2024-06-27,212.07838439941406,183.99131774902344,445.00555419921875
2024-06-28,208.63121032714844,180.7562255859375,439.207763671875
2024-07-01,214.703369140625,181.58982849121094,448.8182678222656
2024-07-02,218.19015502929688,183.82260131835938,451.3240966796875
2024-07-03,219.45806884765625,184.39817810058594,452.7882995605469
2024-07-05,224.2028045654297,189.14158630371094,459.460693359375
2024-07-08,225.66883850097656,187.58360290527344,458.1635437011719
2024-07-09,226.5207061767578,187.53396606445312,451.5796203613281
2024-07-10,230.78013610839844,189.71714782714844,458.17333984375
2024-07-11,225.4211883544922,184.15008544921875,446.8235168457031
2024-07-12,228.3631591796875,183.65391540527344,445.693359375
2024-07-15,232.18670654296875,185.1027374267578,446.09625244140625
2024-07-16,232.6027374267578,182.5126953125,441.7331848144531
2024-07-17,226.71885681152344,179.63491821289062,435.8371276855469
2024-07-18,222.06321716308594,176.33035278320312,432.7416687011719
2024-07-19,222.19198608398438,176.30059814453125,429.5381164550781
2024-07-22,221.84527587890625,180.27992248535156,435.26715087890625
2024-07-23,222.88539123535156,180.39901733398438,437.14410400390625
2024-07-24,216.47647094726562,171.30908203125,421.4703674316406
2024-07-25,215.43638610839844,166.00001525878906,411.15228271484375
2024-07-26,215.90194702148438,165.72218322753906,417.9032287597656
2024-07-29,216.17930603027344,168.23280334472656,419.3380126953125
2024-07-30,216.73402404785156,168.98699951171875,415.593994140625
2024-07-31,219.98304748535156,170.22743225097656,411.1031188964844
2024-08-01,216.29815673828125,169.45339965820312,409.8846130371094
2024-08-02,217.7840118408203,165.384765625,401.4139099121094
2024-08-05,207.2939910888672,158.03147888183594,388.3050231933594
2024-08-06,205.2732391357422,157.0788116455078,392.6877746582031
2024-08-07,207.83880615234375,157.7238311767578,391.5281982421875
2024-08-08,211.29586791992188,160.79019165039062,395.71435546875
2024-08-09,214.19818115234375,162.4176483154297,398.9867248535156
2024-08-12,215.72543334960938,161.04818725585938,399.7630310058594
2024-08-13,219.4344024658203,162.90390014648438,406.8383483886719
2024-08-14,219.88064575195312,159.14288330078125,409.638916015625
2024-08-15,222.85577392578125,160.06578063964844,414.4824523925781
2024-08-16,224.1747283935547,161.7130889892578,411.96221923828125
2024-08-19,224.0160675048828,165.3946990966797,414.9746398925781
2024-08-20,224.63092041015625,165.90078735351562,418.1938171386719
2024-08-21,224.52182006835938,164.58099365234375,417.5440979003906
2024-08-22,222.66734313964844,162.54664611816406,409.0876159667969
2024-08-23,224.95819091796875,164.3527374267578,410.3083801269531
2024-08-26,225.2953643798828,164.8885955810547,407.0596618652344
2024-08-27,226.1383056640625,163.41989135742188,407.40423583984375
2024-08-28,224.61111450195312,161.60391235351562,404.2146301269531
2024-08-29,227.88369750976562,160.54209899902344,406.6954345703125
2024-08-30,227.10025024414062,162.1298828125,410.6529235839844
2024-09-03,220.9219512939453,156.15594482421875,403.0726318359375
2024-09-04,219.0178680419922,155.2528839111328,402.5410461425781
2024-09-05,220.53518676757812,156.03684997558594,402.0390319824219
2024-09-06,218.9881134033203,149.7652130126953,395.45306396484375
2024-09-09,219.077392578125,147.7679443359375,399.4105529785156
2024-09-10,218.2840118408203,147.71827697753906,407.7586975097656
2024-09-11,220.8128662109375,150.2024383544922,416.4611511230469
2024-09-12,220.9219512939453,153.71005249023438,420.3595886230469
2024-09-13,220.65415954589844,156.4625244140625,423.893798828125
2024-09-16,214.5254669189453,157.05868530273438,424.6321105957031
2024-09-17,214.99156188964844,158.31072998046875,428.3828430175781
2024-09-18,218.85919189453125,158.797607421875,424.1103210449219
2024-09-19,226.97132873535156,161.11285400390625,431.8678283691406
2024-09-20,226.30690002441406,162.55369567871094,428.5009765625
2024-09-23,224.5912322998047,160.82470703125,426.76837158203125
2024-09-24,225.4837646484375,161.26190185546875,422.495849609375
2024-09-25,224.4920654296875,160.46697998046875,425.3901062011719
2024-09-26,225.63255310058594,161.69911193847656,424.6025695800781
2024-09-27,225.90029907226562,162.91139221191406,421.3637390136719
2024-09-30,231.06707763671875,164.7993621826172,423.6082458496094
2024-10-01,224.33340454101562,165.93214416503906,414.1477355957031
2024-10-02,224.89866638183594,164.80931091308594,410.64312744140625
2024-10-03,223.7978973388672,164.80931091308594,410.0622863769531
2024-10-04,224.9185028076172,166.00169372558594,409.5896911621094
2024-10-07,219.85092163085938,161.94754028320312,403.171142578125
2024-10-08,223.8970489501953,163.3386993408203,408.2607116699219
2024-10-09,227.6357879638672,160.8346405029297,410.9679260253906
2024-10-10,227.13990783691406,161.05323791503906,409.3731384277344
2024-10-11,225.6622772216797,162.20590209960938,409.845703125
2024-10-14,229.38119506835938,163.9149932861328,412.621826171875
2024-10-15,231.9100341796875,164.411865234375,412.22802734375
2024-10-16,229.857177734375,164.1137237548828,409.64874267578125
2024-10-17,230.22412109375,161.8978271484375,410.23944091796875
2024-10-18,233.05047607421875,162.38475036621094,411.6570739746094
2024-10-21,234.51821899414062,163.03065490722656,412.26739501953125
2024-10-22,233.9033660888672,164.0938720703125,420.8616943359375
2024-10-23,228.8456573486328,161.74879455566406,417.9969177246094
2024-10-24,228.6572265625,161.68919372558594,418.1249084472656
2024-10-25,229.4902801513672,164.22305297851562,421.4917297363281
2024-10-28,231.4637451171875,165.66384887695312,419.9559326171875
2024-10-29,231.73150634765625,168.60507202148438,425.2326354980469
2024-10-30,228.19113159179688,173.3548126220703,425.8035583496094
2024-10-31,224.035888671875,170.02603149414062,400.03070068359375
2024-11-01,221.060791015625,170.2048797607422,403.9881591796875
2024-11-04,220.16824340820312,168.16787719726562,402.10784912109375
2024-11-05,221.59629821777344,168.6647186279297,405.0612487792969
2024-11-06,220.8723602294922,175.391845703125,413.6456298828125
2024-11-07,225.59288024902344,179.60496520996094,418.81396484375
2024-11-08,225.32479858398438,177.2201690673828,415.9689636230469
2024-11-11,222.61448669433594,179.20751953125,411.5093994140625
2024-11-12,222.61448669433594,180.469482421875,416.4513244628906
2024-11-13,223.49807739257812,177.746826171875,418.58758544921875
2024-11-14,226.57574462890625,174.4677276611328,420.2513122558594
2024-11-15,223.37890625,171.39730834960938,408.54620361328125
2024-11-18,226.37718200683594,174.18948364257812,409.29437255859375
2024-11-19,226.6352996826172,176.9916229248047,411.2928466796875
2024-11-20,227.35011291503906,174.86517333984375,409.0285949707031
2024-11-21,226.8735809326172,166.56808471679688,407.26287841796875
2024-11-22,228.21383666992188,163.71624755859375,411.3367919921875
2024-11-25,231.19224548339844,166.58795166015625,413.1025085449219
2024-11-26,233.366455078125,168.04864501953125,422.17755126953125
2024-11-27,233.2373809814453,168.157958984375,417.24542236328125
2024-11-29,235.62010192871094,167.8797149658203,417.7090759277344
2024-12-02,237.86380004882812,170.40365600585938,425.126953125
2024-12-03,240.90176391601562,170.2545928955078,425.343994140625
2024-12-04,241.25917053222656,173.265380859375,431.4794616699219
2024-12-05,241.28895568847656,171.54637145996094,436.6089172363281
2024-12-06,241.0904083251953,173.60325622558594,437.5459899902344
2024-12-09,244.97222900390625,174.45875549316406,439.9626770019531
2024-12-10,245.9849090576172,184.2078399658203,437.3091735839844
2024-12-11,244.71409606933594,194.3846893310547,442.892333984375
2024-12-12,246.1735076904297,190.96258544921875,443.45458984375
2024-12-13,246.34228515625,188.8336944580078,441.1957092285156
2024-12-16,249.23130798339844,195.63815307617188,445.4570617675781
2024-12-17,251.6537322998047,194.4045867919922,448.2880554199219
2024-12-18,246.26287841796875,187.42105102539062,431.44989013671875
2024-12-19,247.9903106689453,187.53048706054688,431.09478759765625
2024-12-20,252.656494140625,190.41542053222656,430.670654296875
2024-12-23,253.43084716796875,193.61868286132812,429.33892822265625
2024-12-24,256.33978271484375,195.09100341796875,433.3635559082031
2024-12-26,257.1538391113281,194.58364868164062,432.1601257324219
2024-12-27,253.74855041503906,191.75839233398438,424.68304443359375
2024-12-30,250.3829803466797,190.24632263183594,419.0604553222656
2024-12-31,248.61581420898438,188.31639099121094,415.7756652832031
2025-01-02,242.0931396484375,188.44569396972656,412.89532470703125
2025-01-03,241.60665893554688,190.79342651367188,417.6006164550781
2025-01-06,243.23483276367188,195.84706115722656,422.0394592285156
2025-01-07,240.4649658203125,194.4742431640625,416.6338806152344
2025-01-08,240.95140075683594,192.94219970703125,418.794189453125
2025-01-10,235.14356994628906,191.04214477539062,413.2603454589844
2025-01-13,232.7112274169922,190.0175018310547,411.52423095703125
2025-01-14,231.59927368164062,188.6745147705078,410.0248718261719
2025-01-15,236.1562042236328,194.53390502929688,420.5203857421875
2025-01-16,226.61544799804688,191.90762329101562,418.8138122558594
2025-01-17,228.3230438232422,194.98158264160156,423.2033996582031
2025-01-21,221.03594970703125,197.0209197998047,422.6806335449219
2025-01-22,222.2173614501953,197.33924865722656,440.1402587890625
2025-01-23,222.04859924316406,196.9512939453125,440.643310546875
2025-01-24,221.1749267578125,199.16970825195312,438.029296875
2025-01-27,228.2039337158203,190.8133544921875,428.6582946777344
2025-01-28,236.5433807373047,194.2852020263672,441.1266784667969
2025-01-29,237.635498046875,194.39463806152344,436.32281494140625
2025-01-30,235.87823486328125,199.82627868652344,409.3540954589844
2025-01-31,234.2996826171875,202.9599151611328,409.423095703125
2025-02-03,226.36724853515625,200.1844024658203,405.3393859863281
2025-02-04,231.1227569580078,205.30764770507812,406.7696838378906
2025-02-05,230.7951202392578,190.33583068847656,407.6772155761719
2025-02-06,231.5397186279297,190.60446166992188,410.1728515625
2025-02-07,225.99000549316406,184.376953125,404.18524169921875
2025-02-10,226.25833129882812,185.5010986328125,406.6217041015625
2025-02-11,231.1979217529297,184.35707092285156,405.8523254394531
2025-02-12,235.42198181152344,182.6559600830078,403.4848937988281
2025-02-13,240.05349731445312,185.17282104492188,404.96453857421875
2025-02-14,243.10470581054688,184.2675323486328,402.8831481933594
2025-02-18,242.97552490234375,182.81512451171875,404.0767517089844
2025-02-19,243.37306213378906,184.3073272705078,409.1370849609375
2025-02-20,244.3271942138672,183.60101318359375,411.30169677734375
2025-02-21,244.04891967773438,178.72647094726562,403.47357177734375
2025-02-24,245.58944702148438,178.318603515625,399.31243896484375
2025-02-25,245.52978515625,174.50851440429688,393.283203125
2025-02-26,238.89065551757812,171.83248901367188,395.0920104980469
2025-02-27,235.84934997558594,167.6244659423828,387.97552490234375
2025-02-28,240.36158752441406,169.39520263671875,392.3837585449219
2025-03-03,236.57485961914062,166.1422119140625,383.9823913574219
2025-03-04,234.48770141601562,170.03189086914062,384.1009521484375
2025-03-05,234.2988739013672,172.12098693847656,396.3669738769531
2025-03-06,233.89137268066406,171.4544677734375,392.2849426269531
2025-03-07,237.60853576660156,172.95660400390625,388.7464294433594
2025-03-10,226.08937072753906,165.19815063476562,375.7490539550781
2025-03-11,219.48995971679688,163.3755645751953,376.03570556640625
2025-03-12,215.65354919433594,166.43313598632812,378.8229675292969
2025-03-13,208.398193359375,162.10076904296875,374.3751525878906
2025-03-14,212.18490600585938,164.81971740722656,384.05157470703125
2025-03-17,212.6917724609375,163.6245574951172,384.1899719238281
2025-03-18,211.38978576660156,160.0192108154297,379.0700378417969
2025-03-19,213.92420959472656,163.2261962890625,383.3201904296875
2025-03-20,212.7911834716797,162.14059448242188,382.3515319824219
2025-03-21,216.93568420410156,163.32579040527344,386.7202453613281
2025-03-24,219.38063049316406,167.00083923339844,388.51910400390625
2025-03-25,222.3822021484375,169.86915588378906,390.57501220703125
2025-03-26,220.1757354736328,164.39144897460938,385.44525146484375
2025-03-27,222.4815673828125,161.5828857421875,386.048095703125
2025-03-28,216.56793212890625,153.70492553710938,374.4048156738281
2025-03-31,220.77207946777344,154.01365661621094,371.0343933105469
2025-04-01,221.82559204101562,156.43382263183594,377.7554626464844
2025-04-02,222.5213165283203,156.40391540527344,377.7060546875
2025-04-03,201.9478759765625,150.1095428466797,368.78082275390625
2025-04-04,187.22842407226562,145.01028442382812,355.664794921875
2025-04-07,180.3507080078125,146.15562438964844,353.707763671875
2025-04-08,171.36595153808594,144.11390686035156,350.44610595703125
2025-04-09,197.6343994140625,158.06716918945312,385.95916748046875
2025-04-10,189.2559356689453,152.20101928710938,376.9252624511719
2025-04-11,196.9386749267578,156.50352478027344,383.9428405761719
2025-04-14,201.2819366455078,158.42572021484375,383.310302734375
2025-04-15,200.90428161621094,155.67689514160156,381.25445556640625
2025-04-16,193.08241271972656,152.70896911621094,367.2982177734375
2025-04-17,195.7758026123047,150.54776000976562,363.5126647949219
2025-04-21,191.97918701171875,147.07186889648438,354.9531555175781
2025-04-22,198.5189666748047,150.8564910888672,362.5638427734375
2025-04-23,203.34922790527344,154.7207794189453,370.0459899902344
2025-04-24,207.09620666503906,158.63487243652344,382.80615234375
2025-04-25,208.00064086914062,161.3040008544922,387.30340576171875
2025-04-28,208.8553924560547,159.95948791503906,386.6214294433594
2025-04-29,209.91883850097656,159.51129150390625,389.4679870605469
2025-04-30,211.20095825195312,158.15679931640625,390.6738586425781
2025-05-01,212.0159454345703,160.6466827392578,420.464111328125
2025-05-02,204.09466552734375,163.36561584472656,430.2295227050781
2025-05-05,197.67416381835938,163.54490661621094,431.10919189453125
2025-05-06,197.2964630126953,162.56884765625,428.2823486328125
2025-05-07,195.05027770996094,150.76686096191406,428.3218994140625
2025-05-08,196.28273010253906,153.65512084960938,433.0859375
2025-05-09,197.3163299560547,152.13131713867188,433.63946533203125
2025-05-12,209.776123046875,157.8181915283203,444.0472717285156
2025-05-13,211.9058380126953,158.8838348388672,443.9287109375
2025-05-14,211.30873107910156,164.7001953125,447.6845703125
2025-05-15,210.43295288085938,163.2958984375,448.6946105957031
2025-05-16,210.24386596679688,165.5168914794922,449.82342529296875
2025-05-19,207.77578735351562,165.86544799804688,454.37841796875
2025-05-20,205.8650360107422,163.31581115722656,453.6852722167969
2025-05-21,201.11798095703125,167.87725830078125,448.1401062011719
2025-05-22,200.39151000976562,170.17791748046875,450.4076843261719
2025-05-23,194.33079528808594,167.7876434326172,445.7734680175781
2025-05-27,199.2470245361328,172.19969177246094,456.1806335449219
2025-05-28,199.45599365234375,171.66188049316406,452.8832092285156
2025-05-29,198.98826599121094,171.16392517089844,454.1903076171875
2025-05-30,199.88394165039062,171.04440307617188,455.85382080078125
2025-06-02,200.72984313964844,168.34536743164062,457.4480895996094
2025-06-03,202.2923126220703,165.50689697265625,458.4382629394531
2025-06-04,201.84445190429688,167.36932373046875,459.3294677734375
2025-06-05,199.66500854492188,167.52870178222656,463.1022033691406
2025-06-06,202.93919372558594,172.9765167236328,465.7757873535156
2025-06-09,200.48106384277344,175.58908081054688,468.12255859375
2025-06-10,201.6951904296875,178.09194946289062,466.3105163574219
2025-06-11,197.82391357421875,176.8455047607422,467.99383544921875
2025-06-12,198.24188232421875,175.2001953125,474.18267822265625
2025-06-13,195.50509643554688,174.17312622070312,470.3108825683594
2025-06-16,197.4656219482422,176.26715087890625,474.45001220703125
2025-06-17,194.69900512695312,175.449462890625,473.3607482910156
2025-06-18,195.6344757080078,172.82696533203125,475.5392150878906
2025-06-20,200.03323364257812,166.1659698486328,472.7270202636719
2025-06-23,200.53082275390625,164.7200927734375,481.2428894042969
2025-06-24,199.33657836914062,166.29559326171875,485.3125915527344
2025-06-25,200.59051513671875,170.19447326660156,487.45147705078125
2025-06-26,200.03323364257812,173.0463409423828,492.580810546875
2025-06-27,200.1128387451172,178.0221405029297,491.0855712890625
2025-06-30,204.1831512451172,175.72869873046875,492.54119873046875
2025-07-01,206.82041931152344,175.33981323242188,487.2336120605469
2025-07-02,211.41819763183594,178.13182067871094,486.28302001953125
2025-07-03,212.52285766601562,179.01930236816406,493.95721435546875
2025-07-07,208.94015502929688,176.28709411621094,492.84814453125
2025-07-08,208.9998779296875,173.864013671875,491.7588806152344
2025-07-09,210.1244354248047,176.11756896972656,498.5815124511719
2025-07-10,211.3883514404297,177.11471557617188,496.57135009765625
2025-07-11,210.14434814453125,179.67742919921875,498.393310546875
2025-07-14,207.6165771484375,181.04351806640625,498.09625244140625
2025-07-15,208.10421752929688,181.48226928710938,500.8688659667969
2025-07-16,209.149169921875,182.44952392578125,500.67083740234375
2025-07-17,209.0098419189453,183.0577850341797,506.6913146972656
2025-07-18,210.16424560546875,184.53355407714844,505.05743408203125
2025-07-21,211.4580078125,189.55923461914062,505.0673522949219
2025-07-22,213.3687744140625,190.7957000732422,500.3242492675781
2025-07-23,213.11996459960938,189.6888427734375,500.9183654785156
2025-07-24,212.7318572998047,191.62335205078125,505.87933349609375
2025-07-25,212.8512725830078,192.63046264648438,508.681640625
2025-07-28,213.02044677734375,192.0321807861328,507.4834289550781
2025-07-29,210.25381469726562,195.19314575195312,507.5527648925781
2025-07-30,208.04449462890625,195.970947265625,508.2162170410156
2025-07-31,206.57162475585938,191.35409545898438,528.27783203125
2025-08-01,201.40658569335938,188.59197998046875,518.979736328125
2025-08-04,202.37193298339844,194.48516845703125,530.39697265625
2025-08-05,201.94398498535156,194.11622619628906,522.584228515625
2025-08-06,212.22430419921875,195.5321807861328,519.8017578125
2025-08-07,218.9716796875,195.96096801757812,515.7418212890625
2025-08-08,228.2468719482422,200.84703063964844,516.9301147460938
2025-08-11,226.34390258789062,200.42822265625,516.6627197265625
2025-08-12,228.80479431152344,202.76156616210938,524.0595703125
2025-08-13,232.47125244140625,201.385498046875,515.4843139648438
2025-08-14,231.92327880859375,202.36270141601562,517.36572265625
2025-08-15,230.73764038085938,203.31997680664062,515.0784301757812
2025-08-18,230.04022216796875,202.9210968017578,512.0383911132812
2025-08-19,229.71144104003906,200.99661254882812,504.78021240234375
2025-08-20,225.17819213867188,198.7530059814453,500.76983642578125
2025-08-21,224.072265625,199.18177795410156,500.1251220703125
2025-08-22,226.9217529296875,205.5037384033203,503.0907287597656
2025-08-25,226.323974609375,207.89691162109375,500.1449890136719
2025-08-26,228.46604919433594,206.55076599121094,497.943115234375
2025-08-27,229.64170837402344,206.88978576660156,502.6047058105469
2025-08-28,231.7041015625,211.03794860839844,505.4810791015625
2025-08-29,231.28562927246094,212.3043670654297,502.5551452636719
2025-09-02,228.8745574951172,210.74879455566406,500.9979553222656
2025-09-03,237.59234619140625,230.0038604736328,501.2261047363281
2025-09-04,238.89752197265625,231.6392059326172,503.82470703125
2025-09-05,238.80783081054688,234.33151245117188,490.96051025390625
2025-09-08,237.00450134277344,233.5829620361328,494.1344299316406
2025-09-09,233.4875030517578,239.1620635986328,494.3426818847656
2025-09-10,225.955322265625,238.70294189453125,496.2867126464844
2025-09-11,229.1833953857422,239.90060424804688,496.9215393066406
2025-09-12,233.20855712890625,240.32977294921875,505.73895263671875
2025-09-15,235.82884216308594,251.11865234375,511.15435791015625
2025-09-16,237.2735137939453,250.66952514648438,504.8859558105469
2025-09-17,238.11044311523438,249.04270935058594,505.8579406738281
2025-09-18,237.00450134277344,251.53782653808594,504.3008117675781
2025-09-19,244.59646606445312,254.2225799560547,513.7034301757812
2025-09-22,255.13751220703125,252.036865234375,510.2518615722656
2025-09-23,253.49359130859375,251.16856384277344,505.074462890625
2025-09-24,251.38140869140625,246.65736389160156,505.9869079589844
2025-09-25,255.9246063232422,245.3100128173828,502.8923645019531
2025-09-26,254.51980590820312,246.0585479736328,507.28619384765625
2025-09-29,253.49359130859375,243.57342529296875,510.4004821777344
2025-09-30,253.69287109375,242.62527465820312,513.7232666015625
2025-10-01,254.5098419189453,244.4217529296875,515.4689331054688
2025-10-02,256.18365478515625,245.210205078125,511.53131103515625
2025-10-03,257.07037353515625,244.87088012695312,513.1280517578125
2025-10-06,255.74530029296875,249.9409637451172,524.256591796875
2025-10-07,255.5360565185547,245.28005981445312,519.7039794921875
2025-10-08,257.1102294921875,244.14230346679688,520.56689453125
2025-10-09,253.10501098632812,241.05833435058594,518.1370239257812
2025-10-10,244.3673095703125,236.10804748535156,506.790283203125
2025-10-13,246.74851989746094,243.67320251464844,509.85504150390625
2025-10-14,246.8581085205078,244.97067260742188,509.3790283203125
2025-10-15,248.4223175048828,250.53977966308594,509.2401123046875
2025-10-16,246.53927612304688,250.9689483642578,507.4349670410156
2025-10-17,251.36146545410156,252.80535888671875,509.3889465332031
2025-10-20,261.27484130859375,256.0489807128906,512.5726928710938
2025-10-21,261.8028869628906,249.9709014892578,513.4356079101562
2025-10-22,257.4988098144531,251.19851684570312,516.2921752929688
2025-10-23,258.6246032714844,252.58578491210938,516.3119506835938
2025-10-24,261.85272216796875,259.4124450683594,519.3370361328125
2025-10-27,267.8206787109375,268.7441711425781,527.1825561523438
2025-10-28,268.0099792480469,266.94769287109375,537.6464233398438
2025-10-29,268.7073974609375,274.0338134765625,537.1306762695312
2025-10-30,270.401123046875,280.93035888671875,521.4695434570312
2025-10-31,269.37493896484375,280.6408996582031,513.5843505859375
2025-11-03,268.05975341796875,283.16595458984375,512.810791015625
2025-11-04,269.0461730957031,276.9980163574219,510.1328125
2025-11-05,269.14581298828125,283.7547912597656,503.02130126953125
2025-11-06,268.7771301269531,284.1939392089844,493.0434265136719
2025-11-07,267.48193359375,278.2854919433594,492.76568603515625
2025-11-10,268.6986083984375,289.5334777832031,501.8707580566406
2025-11-11,274.5028076171875,290.7411193847656,504.52886962890625
2025-11-12,272.7276611328125,286.1501159667969,506.9688720703125
2025-11-13,272.2090759277344,278.0260314941406,499.182861328125
2025-11-14,271.6705017089844,275.8702392578125,506.0166320800781
2025-11-17,266.73394775390625,284.4634094238281,503.3486022949219
2025-11-18,266.7140197753906,283.724853515625,489.76043701171875
2025-11-19,267.8309631347656,292.23822021484375,483.14483642578125
2025-11-20,265.5272521972656,288.884765625,475.41387939453125
2025-11-21,270.75299072265625,299.0748596191406,469.1436462402344
2025-11-24,275.1709899902344,317.9578552246094,471.0118103027344
2025-11-25,276.2181701660156,322.8083801269531,473.9829406738281
2025-11-26,276.79656982421875,319.3252258300781,482.4393310546875
2025-11-28,278.0930480957031,319.5547790527344,488.9082946777344
2025-12-01,282.3315124511719,314.2751159667969,483.6715087890625
2025-12-02,285.4131164550781,315.1932678222656,486.91094970703125
2025-12-03,283.378662109375,319.00579833984375,474.71832275390625
2025-12-04,279.9380187988281,316.999755859375,477.8087158203125
2025-12-05,278.0232238769531,320.642578125,480.11407470703125
2025-12-08,277.1356506347656,313.31219482421875,487.92449951171875
2025-12-09,276.42755126953125,316.66778564453125,488.918212890625
2025-12-10,278.0232238769531,319.7937316894531,475.5430603027344
2025-12-11,277.2752685546875,312.0238342285156,480.422119140625
2025-12-12,277.52459716796875,308.887939453125,475.51324462890625
2025-12-15,273.3658752441406,307.8193054199219,471.8266296386719
2025-12-16,273.8645324707031,306.1714782714844,473.38677978515625
2025-12-17,271.10205078125,296.3342590332031,473.1184387207031
2025-12-18,271.4511413574219,302.0668029785156,480.9289245605469
2025-12-19,272.9271240234375,306.7607116699219,482.8566589355469
2025-12-22,270.23443603515625,309.3772888183594,481.8630065917969
2025-12-23,271.62066650390625,313.94134521484375,483.7807922363281
2025-12-24,273.06671142578125,313.68170166015625,484.9433898925781
2025-12-26,272.6578369140625,313.1024475097656,484.6353454589844
2025-12-29,273.0168762207031,313.1523742675781,484.02923583984375
2025-12-30,272.3387145996094,313.4420166015625,484.4068603515625
2025-12-31,271.12200927734375,312.5931091308594,480.5711669921875
2026-01-02,270.2743225097656,314.7403259277344,469.95849609375
2026-01-05,266.5345153808594,316.1285400390625,469.86907958984375
2026-01-06,261.6477966308594,313.9313659667969,475.493408203125
2026-01-07,259.623291015625,321.5614318847656,480.422119140625
2026-01-08,258.3368225097656,325.0169372558594,475.09588623046875
2026-01-09,258.6659240722656,328.14288330078125,476.2585144042969
2026-01-12,259.5435485839844,331.4285583496094,474.1717529296875
2026-01-13,260.34136962890625,335.53326416015625,467.70281982421875
2026-01-14,259.2543029785156,335.4034118652344,456.4839782714844
2026-01-15,257.5090637207031,332.3473815917969,453.7811279296875
2026-01-16,254.8363494873047,329.5710144042969,456.9609069824219
2026-01-20,246.0303192138672,321.5814208984375,451.6546325683594
2026-01-21,246.9777374267578,327.953125,441.31024169921875
2026-01-22,247.67584228515625,330.1103210449219,448.2959289550781
2026-01-23,247.36666870117188,327.5036926269531,463.0125732421875
2026-01-26,254.7166748046875,332.8267822265625,467.3152770996094
2026-01-27,257.5688781738281,334.1150817871094,477.55029296875
2026-01-28,255.743896484375,335.5732116699219,478.5937194824219
2026-01-29,257.5788879394531,337.8102722167969,430.7671203613281
2026-01-30,258.775634765625,337.56060791015625,427.577392578125
2026-02-02,269.2770690917969,343.24322509765625,420.70098876953125
2026-02-03,268.7485046386719,339.26837158203125,408.6176452636719
2026-02-04,275.7394104003906,332.6070556640625,411.578857421875
2026-02-05,275.1610412597656,330.8193664550781,391.188232421875
2026-02-06,277.364990234375,322.4402770996094,398.61114501953125
2026-02-09,274.13079833984375,323.8984069824219,410.99261474609375
2026-02-10,273.19244384765625,318.16583251953125,410.6646728515625
2026-02-11,275.00921630859375,310.5557556152344,401.8207702636719
2026-02-12,261.2637939453125,308.5982971191406,399.30670166015625
2026-02-13,255.32435607910156,305.32257080078125,398.7900085449219
2026-02-17,263.4099426269531,301.6273498535156,394.35809326171875
2026-02-18,263.8791198730469,302.9356689453125,397.08087158203125
2026-02-19,260.11578369140625,302.456298828125,396.8517761230469
2026-02-20,264.1086730957031,314.5705261230469,395.6267395019531
2026-02-23,265.705810546875,311.0850524902344,382.918212890625
2026-02-24,271.6552429199219,310.495849609375,387.4299621582031
2026-02-25,273.74151611328125,312.49322509765625,398.9831237792969
2026-02-26,272.4637756347656,306.9804382324219,400.0986022949219
2026-02-27,263.7093811035156,311.354736328125,391.15484619140625
2026-03-02,264.2484130859375,306.12152099609375,396.9413757324219
2026-03-03,263.2801818847656,303.1853332519531,402.2996826171875
2026-03-04,262.0523376464844,302.7359619140625,403.5645751953125
2026-03-05,259.8263244628906,300.4888610839844,409.0224304199219
2026-03-06,257.0013427734375,298.1319274902344,407.30938720703125
2026-03-09,259.41705322265625,306.1770935058594,407.757568359375
2026-03-10,260.3653564453125,306.8567199707031,404.122314453125
2026-03-11,260.3453674316406,308.5157470703125,403.245849609375
2026-03-12,255.30438232421875,303.3687744140625,400.238037109375
2026-03-13,249.6744384765625,302.09954833984375,393.9534912109375
2026-03-16,252.36964416503906,305.3775939941406,398.33575439453125
2026-03-17,253.77711486816406,310.7344055175781,397.79791259765625
2026-03-18,249.49476623535156,307.5063171386719,390.2087097167969
2026-03-19,248.5165252685547,306.9466552734375,387.4498596191406
2026-03-20,247.54823303222656,300.8203125,380.3287353515625
2026-03-23,251.04200744628906,301.87969970703125,381.4541931152344
2026-03-24,251.1917266845703,290.2666320800781,371.2355651855469
2026-03-25,252.16998291015625,290.7563171386719,369.5424499511719
2026-03-26,252.43951416015625,280.7523193359375,364.492919921875
2026-03-27,248.35679626464844,274.1762390136719,355.33001708984375
2026-03-30,246.19065856933594,273.33673095703125,357.51116943359375
2026-03-31,253.337890625,287.3883361816406,368.67596435546875
2026-04-01,255.17462158203125,297.2124938964844,367.8791809082031
2026-04-02,255.464111328125,295.59344482421875,371.9526672363281
2026-04-06,258.3988342285156,299.8109130859375,371.375
2026-04-07,253.0484161376953,305.27764892578125,370.78741455078125
2026-04-08,258.43878173828125,317.1305847167969,372.81915283203125
2026-04-09,260.02593994140625,318.29986572265625,371.56427001953125
2026-04-10,260.0159912109375,317.0506286621094,369.3731384277344
2026-04-13,258.73828125,321.1181945800781,382.8186340332031
2026-04-14,258.368896484375,332.7112731933594,391.5233459472656
2026-04-15,265.95538330078125,336.91876220703125,409.5602722167969
2026-04-16,262.9307556152344,335.81939697265625,418.56378173828125
2026-04-17,269.7486267089844,341.4760437011719,421.0835876464844
2026-04-20,272.5635681152344,337.2185974121094,416.38262939453125
2026-04-21,265.69586181640625,332.0916442871094,422.44805908203125
2026-04-22,272.68341064453125,339.1174621582031,431.1726989746094
2026-04-23,272.9429016113281,338.6877136230469,414.07196044921875
2026-04-24,270.5771179199219,344.19439697265625,422.90618896484375
2026-04-27,267.1332702636719,350.130859375,423.1053771972656
2026-04-28,270.2277526855469,349.5711975097656,427.5174865722656
2026-04-29,269.688720703125,349.7311096191406,422.7467956542969
2026-04-30,270.86663818359375,384.5702819824219,406.1341552734375
2026-05-01,279.6409606933594,385.45977783203125,412.76727294921875
2026-05-04,276.33685302734375,383.0212097167969,411.9505615234375
2026-05-05,283.67376708984375,388.1981201171875,409.7196350097656
2026-05-06,286.9978332519531,397.8023986816406,412.2891845703125
2026-05-07,286.9279479980469,397.7524108886719,419.07171630859375
2026-05-08,292.7974853515625,400.56072998046875,413.44451904296875
2026-05-11,292.42779541015625,388.40802001953125,410.99444580078125
2026-05-12,294.54595947265625,387.1187744140625,406.1241760253906
2026-05-13,298.6124572753906,402.3796691894531,403.57452392578125
2026-05-14,297.9530334472656,400.8305969238281,407.7774963378906
2026-05-15,299.9713134765625,396.54315185546875,420.2170715332031
2026-05-18,297.5833435058594,396.70306396484375,421.83056640625
2026-05-19,298.7123718261719,387.4285888671875,415.7352600097656
2026-05-20,301.98956298828125,388.6778564453125,419.36053466796875
2026-05-21,304.7271728515625,387.4285888671875,418.3025207519531
2026-05-22,308.55389404296875,382.74139404296875,417.7835388183594
2026-05-26,308.0643005371094,388.6478576660156,415.248291015625
2026-05-27,310.5821533203125,388.5978698730469,411.8946228027344
2026-05-28,312.24072265625,389.8971252441406,426.18768310546875
2026-05-29,311.7911071777344,380.1129455566406,449.3940124511719
2026-06-01,306.0460510253906,376.14532470703125,459.6546936035156
2026-06-02,314.92840576171875,361.6340026855469,440.48077392578125
2026-06-03,309.9926452636719,358.77569580078125,426.53704833984375
2026-06-04,310.9618225097656,371.96783447265625,427.2456970214844
2026-06-05,307.0751647949219,368.30999755859375,415.8870849609375
2026-06-08,301.2801818847656,363.30999755859375,410.9663391113281
2026-06-09,290.29962158203125,364.260009765625,402.6520080566406
2026-06-10,291.3287353515625,356.3800048828125,396.61334228515625
2026-06-11,295.375244140625,357.7699890136719,389.6065673828125
2026-06-12,290.879150390625,359.67999267578125,390.00579833984375
2026-06-15,296.1645812988281,369.3500061035156,399.0088806152344
2026-06-16,298.9821472167969,373.25,393.0899963378906
2026-06-17,295.6949768066406,363.7900085449219,378.1980285644531
2026-06-18,297.7532043457031,368.0299987792969,378.6871032714844
2026-06-22,296.75408935546875,349.67999267578125,366.6497802734375
2026-06-23,294.04638671875,346.1300048828125,373.23736572265625
2026-06-24,292.8274230957031,345.2900085449219,364.7733154296875
2026-06-25,274.91290283203125,343.7099914550781,352.1670227050781
2026-06-26,283.53546142578125,337.3900146484375,372.2691955566406
2026-06-29,281.4972229003906,353.6499938964844,367.8774719238281
2026-06-30,289.11065673828125,357.3699951171875,372.319091796875
2026-07-01,294.1263427734375,361.2099914550781,383.5579528808594
2026-07-02,308.3640441894531,359.9100036621094,389.7562561035156
2026-07-06,312.3905944824219,366.4599914550781,386.0133056640625
2026-07-07,310.3923034667969,367.0299987792969,388.109375
2026-07-08,313.1199645996094,361.9200134277344,382.6197204589844
2026-07-09,315.947509765625,358.8900146484375,383.6377868652344
2026-07-10,315.0483093261719,357.17999267578125,384.37640380859375
2026-07-13,317.03656005859375,352.510009765625,390.2553405761719
2026-07-14,314.58868408203125,359.510009765625,384.20672607421875
2026-07-15,327.2178039550781,370.9200134277344,394.8866271972656
2026-07-16,332.97283935546875,354.4599914550781,400.3463439941406
2026-07-17,333.452392578125,346.7699890136719,393.08001708984375
2026-07-20,326.3085632324219,351.989990234375,401.53411865234375
2026-07-21,327.45758056640625,347.1499938964844,397.00262451171875
2026-07-22,325.60919189453125,342.0899963378906,389.6065673828125
2026-07-23,321.3828430175781,317.69000244140625,380.8630065917969
2026-07-24,332.7330322265625,319.739990234375,380.9828186035156
2026-07-27,336.61968994140625,326.55999755859375,388.368896484375
2026-07-28,339.78692626953125,333.7099914550781,392.61090087890625
2026-07-29,337.8985900878906,336.7099914550781,389.8061828613281
2026-07-30,333.1426696777344,333.6600036621094,450.2524108886719
2026-07-31,308.6438293457031,356.1300048828125,463.8468017578125
2026-08-03,303.1585693359375,373.510009765625,486.73370361328125
2026-08-04,309.1134033203125,377.6499938964844,491.884033203125
2026-08-05,310.7320251464844,362.42999267578125,486.5440673828125
2026-08-06,312.14080810546875,357.75,498.9207458496094
2026-08-07,313.05999755859375,354.29998779296875,499.0505065917969
2026-08-10,308.260009765625,357.5199890136719,505.109130859375
2026-08-11,304.9100036621094,343.79998779296875,502.86334228515625
2026-08-12,302.25,343.5400085449219,491.5047302246094
2026-08-13,305.260009765625,346.3599853515625,495.9463806152344
2026-08-14,305.92999267578125,345.8999938964844,494.4691467285156
2026-08-17,305.5899963378906,344.0,479.44744873046875
2026-08-18,310.0299987792969,344.20001220703125,480.72503662109375
2026-08-19,316.8299865722656,344.7200012207031,483.3999938964844
2026-08-20,311.29998779296875,340.6700134277344,481.1499938964844
2026-08-21,309.3500061035156,344.82000732421875,483.239990234375
2026-08-24,310.3399963378906,348.05999755859375,487.30999755859375
2026-08-25,309.8999938964844,346.9599914550781,491.7099914550781
2026-08-26,313.45001220703125,342.0,496.3699951171875
2026-08-27,314.5799865722656,340.6499938964844,505.05999755859375
2026-08-28,319.70001220703125,346.5899963378906,513.530029296875
